t,x,y,z,vx,vy,vz,speed
0.00000000,0.09924723,0.80803335,0.95824878,-0.39265036,9.84181486,1.25846367,9.92971424
0.01666670,0.09252574,0.95247050,0.98552651,-0.41392697,7.49060800,2.01485727,7.76789505
0.03333340,0.08544963,1.05772078,1.02541082,-0.43520359,5.13940114,2.77125087,5.85514112
