t,x,y,z,vx,vy,vz,speed
0.00000000,0.39379388,0.87894370,1.00292333,-5.39774978,4.88719292,1.03022934,7.35402814
0.01666670,0.31353420,0.96384935,1.02869638,-4.23339306,5.30146589,2.06253055,7.09092305
0.03333340,0.25268050,1.05565958,1.07167449,-3.06903633,5.71573887,3.09483176,7.18795092
