t,x,y,z,vx,vy,vz,speed
0.00000000,0.18546337,0.95374196,0.96755979,-2.42358944,16.10988443,0.39416896,16.29593604
0.01666670,0.14406802,1.21474893,0.98200957,-1.74379731,12.13608107,0.98983723,12.30061261
0.03333340,0.12626218,1.36402012,0.99812885,-1.06400518,8.16227771,1.58550550,8.38264351
0.05000010,0.11634266,1.45546063,1.03436906,-0.38421305,4.18847435,2.18117377,4.73798017
0.06666680,0.11065877,1.51357728,1.07350576,0.29557909,0.21467099,2.77684204,2.80076817
