t,x,y,z,vx,vy,vz,speed
0.00000000,0.08488365,1.15540597,0.85328400,-0.62615120,-0.79044103,0.97802540,1.40477615
0.01666670,0.07813573,1.21527925,0.88221033,-0.18359808,7.97522036,2.49312736,8.35784255
0.03333340,0.07876370,1.42124718,0.93638841,0.25895504,16.74088175,4.00822931,17.21598332
