t,x,y,z,vx,vy,vz,speed
0.00000000,0.28060870,1.02190062,1.29859720,-4.02091516,12.04053356,5.08124996,13.67337956
0.01666700,0.22717908,1.19148780,1.37321772,-2.39051047,8.30952100,3.87303362,9.47433739
0.03333400,0.20092342,1.29889019,1.42770090,-0.76010577,4.57850844,2.66481728,5.35179890
