t,x,y,z,vx,vy,vz,speed
0.00000000,0.38282907,0.98651417,1.18037140,-7.98999146,17.71905070,2.58848649,19.60879862
0.01666670,0.25485160,1.26608027,1.22005314,-5.81092228,13.36359258,2.95695646,14.86929776
0.03333340,0.18712450,1.43730016,1.27640688,-3.63185311,9.00813447,3.32542643,10.26622153
0.05000010,0.14876598,1.54047644,1.33996122,-1.45278394,4.65267635,3.69389640,6.11578687
0.06666680,0.13321684,1.59999545,1.39753679,0.72628524,0.29721824,4.06236637,4.13746897
