t,x,y,z,vx,vy,vz,speed
0.00000000,0.26259303,0.81251320,0.90610076,0.20290558,1.14347086,0.85941629,1.44474657
0.01666667,0.26275323,0.86695323,0.92042437,-0.18368159,5.38933191,0.85941657,5.46051593
0.03333334,0.25647031,0.99215763,0.93474798,-0.57026876,9.63519296,0.85941684,9.69023978
